request_id,amount_safe_to_pay,affordability_status,recommended_payment_method,payment_plan,earliest_date_for_full_payment,spending_changes_needed,decision_explanation
request_26,15656000,affordable_now,full_payment,2025-08-03:15656000,2025-08-03,none,Pay IDR 15656000 today; the plan keeps the retained minimum protected for 90 days.
request_27,6670,affordable_now,full_payment,2026-07-05:6670,2026-07-05,none,Pay ZAR 6670 today; the plan keeps the retained minimum protected for 90 days.
request_28,431.01,not_affordable,not_recommended,none,,none,No eligible plan keeps the EUR 1100.00 minimum protected through the 90-day forecast.
request_29,51524,affordable_now,full_payment,2025-11-04:51524,2025-11-04,none,Pay ZAR 51524 today; the plan keeps the retained minimum protected for 90 days.
request_30,775.20,affordable_with_plan,installments,2026-04-06:268.74|2026-05-06:268.74|2026-06-05:268.74,2026-04-06,none,Use the supplied 3-payment installment schedule; the plan keeps the retained minimum protected for 90 days.
request_31,11662071.93,affordable_later,wait,2024-09-15:18164000,2024-09-15,none,Wait and pay IDR 18164000 on 2024-09-15; full-payment capacity is first forecast on 2024-09-15.
request_32,17891.48,not_affordable,not_recommended,none,,none,No eligible plan keeps the ZAR 35700 minimum protected through the 90-day forecast.
request_33,31898.47,not_affordable,not_recommended,none,,none,No eligible plan keeps the INR 102100 minimum protected through the 90-day forecast.
request_34,81775.37,affordable_with_plan,full_payment,2024-12-04:129400,,stop:event_3085|reduce_to:event_3123:3295,Pay INR 129400 today; the permitted spending changes keep the retained minimum protected.
request_35,56578.66,not_affordable,not_recommended,none,,none,No eligible plan keeps the INR 106400 minimum protected through the 90-day forecast.
request_36,905.16,affordable_later,wait,2026-09-15:3954.00,2026-09-15,none,Wait and pay USD 3954.00 on 2026-09-15; full-payment capacity is first forecast on 2026-09-15.
request_37,5865082.71,not_affordable,not_recommended,none,,none,No eligible plan keeps the IDR 17056200 minimum protected through the 90-day forecast.
request_38,257.96,affordable_later,wait,2025-10-15:971.30,2025-10-15,none,Wait and pay EUR 971.30 on 2025-10-15; full-payment capacity is first forecast on 2025-10-15.
request_39,151224.85,affordable_later,wait,2026-04-15:208600,2026-04-15,none,Wait and pay INR 208600 on 2026-04-15; full-payment capacity is first forecast on 2026-04-15.
request_40,666.62,not_affordable,not_recommended,none,,none,No eligible plan keeps the EUR 1500.00 minimum protected through the 90-day forecast.
request_41,11593650.04,affordable_later,wait,2025-11-15:38760000,2025-11-15,none,Wait and pay IDR 38760000 on 2025-11-15; full-payment capacity is first forecast on 2025-11-15.
request_42,52100,affordable_now,full_payment,2026-01-05:52100,2026-01-05,none,Pay INR 52100 today; the plan keeps the retained minimum protected for 90 days.
request_43,11485500,affordable_later,wait,2024-11-15:43339000,2024-11-15,none,Wait and pay IDR 43339000 on 2024-11-15; full-payment capacity is first forecast on 2024-11-15.
request_44,50160,not_affordable,not_recommended,none,,none,No eligible plan keeps the INR 82900 minimum protected through the 90-day forecast.
request_45,6301384.76,affordable_later,wait,2026-09-15:21983000,2026-09-15,none,Wait and pay IDR 21983000 on 2026-09-15; full-payment capacity is first forecast on 2026-09-15.
request_46,49450,affordable_with_plan,installments,2024-12-03:25714|2024-12-31:25714,2024-12-03,none,Use the supplied 2-payment installment schedule; the plan keeps the retained minimum protected for 90 days.
request_47,38114000,affordable_now,full_payment,2025-05-05:38114000,2025-05-05,none,Pay IDR 38114000 today; the plan keeps the retained minimum protected for 90 days.
request_48,45700,affordable_now,full_payment,2026-07-25:45700,2026-07-25,none,Pay INR 45700 today; the plan keeps the retained minimum protected for 90 days.
request_49,17006117.09,affordable_with_plan,installments,2024-03-18:11902106.67|2024-04-18:11902106.67|2024-05-19:11902106.67,2024-05-15,none,Use the supplied 3-payment installment schedule; full-payment capacity is first forecast on 2024-05-15.
request_50,43900,affordable_now,full_payment,2025-08-06:43900,2025-08-06,none,Pay INR 43900 today; the plan keeps the retained minimum protected for 90 days.
request_51,2191000,affordable_now,full_payment,2026-01-03:2191000,2026-01-03,none,Pay IDR 2191000 today; the plan keeps the retained minimum protected for 90 days.
request_52,26530,affordable_later,wait,2024-06-15:28870,2024-06-15,none,Wait and pay INR 28870 on 2024-06-15; full-payment capacity is first forecast on 2024-06-15.
request_53,883.42,affordable_with_plan,installments,2025-11-21:589.06|2025-12-19:589.06|2026-01-16:589.06,2026-01-15,none,Use the supplied 3-payment installment schedule; full-payment capacity is first forecast on 2026-01-15.
request_54,9949.09,not_affordable,not_recommended,none,,none,No eligible plan keeps the ZAR 37000 minimum protected through the 90-day forecast.
request_55,142338.76,affordable_later,not_recommended,none,2026-08-15,none,No eligible plan keeps the INR 124300 minimum protected through the 90-day forecast.
request_56,809.54,affordable_with_plan,partial_payment,2025-02-03:809.54|2025-02-15:72.02,2025-02-15,none,Pay USD 809.54 today and the remaining balance later; full-payment capacity is first forecast on 2025-02-15.
request_57,16340.34,not_affordable,not_recommended,none,,none,No eligible plan keeps the ZAR 42700 minimum protected through the 90-day forecast.
request_58,16226000,affordable_now,full_payment,2024-12-07:16226000,2024-12-07,none,Pay IDR 16226000 today; the plan keeps the retained minimum protected for 90 days.
request_59,140600,affordable_with_plan,installments,2025-05-07:48741.33|2025-06-04:48741.33|2025-07-02:48741.33,2025-05-04,none,Use the supplied 3-payment installment schedule; the plan keeps the retained minimum protected for 90 days.
request_60,144.37,affordable_later,not_recommended,none,2026-03-15,none,No eligible plan keeps the USD 400.00 minimum protected through the 90-day forecast.
request_61,29062,affordable_with_plan,installments,2024-03-17:10074.83|2024-04-17:10074.83|2024-05-18:10074.83,2024-03-03,none,Use the supplied 3-payment installment schedule; the plan keeps the retained minimum protected for 90 days.
request_62,404.23,affordable_now,full_payment,2025-08-05:404.23,2025-08-05,none,Pay USD 404.23 today; the plan keeps the retained minimum protected for 90 days.
request_63,66434.76,affordable_with_plan,partial_payment,2026-07-07:66434.76|2026-09-15:277465.24,2026-09-15,none,Pay INR 66434.76 today and the remaining balance later; full-payment capacity is first forecast on 2026-09-15.
request_64,0,not_affordable,not_recommended,none,,none,No eligible plan keeps the INR 36100 minimum protected through the 90-day forecast.
request_65,8319.17,not_affordable,not_recommended,none,,none,No eligible plan keeps the ZAR 15500 minimum protected through the 90-day forecast.
request_66,22200,affordable_now,full_payment,2026-04-03:22200,2026-04-03,none,Pay INR 22200 today; the plan keeps the retained minimum protected for 90 days.
request_67,578.52,affordable_later,wait,2024-09-15:2094.00,2024-09-15,none,Wait and pay USD 2094.00 on 2024-09-15; full-payment capacity is first forecast on 2024-09-15.
request_68,1679.40,affordable_with_plan,installments,2025-02-14:725.09|2025-03-14:725.09|2025-04-11:725.09,2025-03-23,none,Use the supplied 3-payment installment schedule; full-payment capacity is first forecast on 2025-03-23.
request_69,514.99,affordable_with_plan,full_payment,2026-01-04:529.10,2026-03-15,stop:event_6405,Pay EUR 529.10 today; the permitted spending changes keep the retained minimum protected.
request_70,59952.21,affordable_later,wait,2025-02-15:243900,2025-02-15,none,Wait and pay INR 243900 on 2025-02-15; full-payment capacity is first forecast on 2025-02-15.
request_71,2568004.78,not_affordable,not_recommended,none,,none,No eligible plan keeps the IDR 8884800 minimum protected through the 90-day forecast.
request_72,11330,affordable_now,full_payment,2026-07-05:11330,2026-07-05,none,Pay ZAR 11330 today; the plan keeps the retained minimum protected for 90 days.
request_73,71400,affordable_now,full_payment,2023-01-20:71400,2023-01-20,none,Pay INR 71400 today; the plan keeps the retained minimum protected for 90 days.
request_74,5010,affordable_now,full_payment,2025-08-04:5010,2025-08-04,none,Pay ZAR 5010 today; the plan keeps the retained minimum protected for 90 days.
request_75,28270,affordable_with_plan,installments,2026-04-09:9800.27|2026-05-09:9800.27|2026-06-08:9800.27,2026-04-06,none,Use the supplied 3-payment installment schedule; the plan keeps the retained minimum protected for 90 days.
request_76,971.41,not_affordable,not_recommended,none,,none,No eligible plan keeps the USD 1800.00 minimum protected through the 90-day forecast.
request_77,60700,affordable_now,full_payment,2025-11-05:60700,2025-11-05,none,Pay INR 60700 today; the plan keeps the retained minimum protected for 90 days.
request_78,50200,affordable_now,full_payment,2025-10-02:50200,2025-10-02,none,Pay INR 50200 today; the plan keeps the retained minimum protected for 90 days.
request_79,910.58,affordable_with_plan,partial_payment,2024-09-04:910.58|2024-09-15:1241.02,2024-09-15,none,Pay EUR 910.58 today and the remaining balance later; full-payment capacity is first forecast on 2024-09-15.
request_80,140770,affordable_later,not_recommended,none,2025-03-15,none,No eligible plan keeps the INR 121300 minimum protected through the 90-day forecast.
request_81,2076.00,affordable_now,full_payment,2026-07-03:2076.00,2026-07-03,none,Pay USD 2076.00 today; the plan keeps the retained minimum protected for 90 days.
request_82,622.75,affordable_later,wait,2025-02-15:1405.20,2025-02-15,none,Wait and pay USD 1405.20 on 2025-02-15; full-payment capacity is first forecast on 2025-02-15.
request_83,9821.04,not_affordable,not_recommended,none,,none,No eligible plan keeps the INR 37800 minimum protected through the 90-day forecast.
request_84,41427.50,not_affordable,not_recommended,none,,none,No eligible plan keeps the INR 91300 minimum protected through the 90-day forecast.
request_85,1702707.14,not_affordable,not_recommended,none,,none,No eligible plan keeps the IDR 6396300 minimum protected through the 90-day forecast.
request_86,46300,affordable_now,full_payment,2025-08-03:46300,2025-08-03,none,Pay INR 46300 today; the plan keeps the retained minimum protected for 90 days.
request_87,0,not_affordable,not_recommended,none,,none,No eligible plan keeps the INR 185900 minimum protected through the 90-day forecast.
request_88,11959.79,affordable_with_plan,installments,2024-06-14:9045.23|2024-07-15:9045.23|2024-08-15:9045.23,2024-07-15,none,Use the supplied 3-payment installment schedule; full-payment capacity is first forecast on 2024-07-15.
request_89,10237162.88,affordable_with_plan,installments,2025-11-18:4768746.67|2025-12-16:4768746.67|2026-01-13:4768746.67,2025-11-15,none,Use the supplied 3-payment installment schedule; full-payment capacity is first forecast on 2025-11-15.
request_90,2560,affordable_now,full_payment,2026-07-06:2560,2026-07-06,none,Pay ZAR 2560 today; the plan keeps the retained minimum protected for 90 days.
request_91,1525.95,affordable_later,wait,2024-10-15:1927.20,2024-10-15,none,Wait and pay EUR 1927.20 on 2024-10-15; full-payment capacity is first forecast on 2024-10-15.
request_92,34034,affordable_now,full_payment,2025-02-05:34034,2025-02-05,none,Pay ZAR 34034 today; the plan keeps the retained minimum protected for 90 days.
request_93,1729.20,affordable_now,full_payment,2026-04-07:1729.20,2026-04-07,none,Pay USD 1729.20 today; the plan keeps the retained minimum protected for 90 days.
request_94,572.00,affordable_now,full_payment,2024-12-04:572.00,2024-12-04,none,Pay EUR 572.00 today; the plan keeps the retained minimum protected for 90 days.
request_95,45925.58,not_affordable,not_recommended,none,,none,No eligible plan keeps the INR 145500 minimum protected through the 90-day forecast.
request_96,84764.35,affordable_with_plan,installments,2026-01-10:31269.33|2026-02-09:31269.33|2026-03-11:31269.33,2026-01-15,none,Use the supplied 3-payment installment schedule; full-payment capacity is first forecast on 2026-01-15.
request_97,2910.52,affordable_with_plan,installments,2024-03-19:8145.28|2024-04-19:8145.28|2024-05-20:8145.28,2024-03-15,none,Use the supplied 3-payment installment schedule; full-payment capacity is first forecast on 2024-03-15.
request_98,7055.82,not_affordable,not_recommended,none,,none,No eligible plan keeps the ZAR 30000 minimum protected through the 90-day forecast.
request_99,18062,affordable_now,full_payment,2026-07-04:18062,2026-07-04,none,Pay ZAR 18062 today; the plan keeps the retained minimum protected for 90 days.
request_100,27873.89,affordable_with_plan,installments,2024-06-13:12866.19|2024-07-14:12866.19|2024-08-14:12866.19,2024-06-15,none,Use the supplied 3-payment installment schedule; full-payment capacity is first forecast on 2024-06-15.
request_101,143500,affordable_now,full_payment,2025-11-03:143500,2025-11-03,none,Pay INR 143500 today; the plan keeps the retained minimum protected for 90 days.
request_102,1716.00,affordable_with_plan,installments,2026-04-05:594.88|2026-05-05:594.88|2026-06-04:594.88,2026-04-05,none,Use the supplied 3-payment installment schedule; the plan keeps the retained minimum protected for 90 days.
request_103,28869,not_affordable,not_recommended,none,,none,No eligible plan keeps the INR 125500 minimum protected through the 90-day forecast.
request_104,17204,affordable_now,full_payment,2025-02-04:17204,2025-02-04,none,Pay ZAR 17204 today; the plan keeps the retained minimum protected for 90 days.
request_105,36567.88,affordable_with_plan,full_payment,2026-06-08:53500,,reduce_to:event_9720:1632,Pay INR 53500 today; the permitted spending changes keep the retained minimum protected.
request_106,538.44,affordable_later,wait,2025-02-15:2207.70,2025-02-15,none,Wait and pay EUR 2207.70 on 2025-02-15; full-payment capacity is first forecast on 2025-02-15.
request_107,0.00,not_affordable,not_recommended,none,,none,No eligible plan keeps the EUR 1600.00 minimum protected through the 90-day forecast.
request_108,4736.92,affordable_later,not_recommended,none,2026-09-15,none,No eligible plan keeps the ZAR 24100 minimum protected through the 90-day forecast.
request_109,984.47,affordable_with_plan,installments,2024-03-18:645.98|2024-04-18:645.98|2024-05-19:645.98,2024-03-15,none,Use the supplied 3-payment installment schedule; full-payment capacity is first forecast on 2024-03-15.
request_110,13716.84,not_affordable,not_recommended,none,,none,No eligible plan keeps the ZAR 11200 minimum protected through the 90-day forecast.
request_111,16625000,affordable_now,full_payment,2026-04-03:16625000,2026-04-03,none,Pay IDR 16625000 today; the plan keeps the retained minimum protected for 90 days.
request_112,271.70,affordable_now,full_payment,2024-06-05:271.70,2024-06-05,none,Pay EUR 271.70 today; the plan keeps the retained minimum protected for 90 days.
request_113,36500,affordable_now,full_payment,2026-09-04:36500,2026-09-04,none,Pay INR 36500 today; the plan keeps the retained minimum protected for 90 days.
request_114,57022.64,affordable_with_plan,full_payment,2026-01-04:65300,2026-03-15,reduce_to:event_10561:1890,Pay INR 65300 today; the permitted spending changes keep the retained minimum protected.
request_115,16371.71,affordable_later,wait,2024-11-15:80500,2024-11-15,none,Wait and pay INR 80500 on 2024-11-15; full-payment capacity is first forecast on 2024-11-15.
request_116,26598.79,not_affordable,not_recommended,none,,none,No eligible plan keeps the INR 80300 minimum protected through the 90-day forecast.
request_117,880.00,affordable_now,full_payment,2026-07-05:880.00,2026-07-05,none,Pay EUR 880.00 today; the plan keeps the retained minimum protected for 90 days.
request_118,738.10,affordable_with_plan,installments,2024-12-07:255.87|2025-01-07:255.87|2025-02-07:255.87,2024-12-07,none,Use the supplied 3-payment installment schedule; the plan keeps the retained minimum protected for 90 days.
request_119,70634.69,affordable_later,not_recommended,none,2025-07-15,none,No eligible plan keeps the INR 151200 minimum protected through the 90-day forecast.
request_120,7714000,affordable_now,full_payment,2026-04-06:7714000,2026-04-06,none,Pay IDR 7714000 today; the plan keeps the retained minimum protected for 90 days.
request_121,633.60,affordable_now,full_payment,2024-03-03:633.60,2024-03-03,none,Pay USD 633.60 today; the plan keeps the retained minimum protected for 90 days.
request_122,20558000,affordable_with_plan,installments,2025-08-05:7126773.33|2025-09-02:7126773.33|2025-09-30:7126773.33,2025-08-05,none,Use the supplied 3-payment installment schedule; the plan keeps the retained minimum protected for 90 days.
request_123,4076000,affordable_now,full_payment,2026-01-07:4076000,2026-01-07,none,Pay IDR 4076000 today; the plan keeps the retained minimum protected for 90 days.
request_124,1648.56,affordable_with_plan,installments,2024-06-11:1076.12|2024-07-12:1076.12|2024-08-12:1076.12,2024-06-15,none,Use the supplied 3-payment installment schedule; full-payment capacity is first forecast on 2024-06-15.
request_125,6468,affordable_now,full_payment,2025-11-06:6468,2025-11-06,none,Pay ZAR 6468 today; the plan keeps the retained minimum protected for 90 days.
request_126,159600,affordable_now,full_payment,2026-07-03:159600,2026-07-03,none,Pay INR 159600 today; the plan keeps the retained minimum protected for 90 days.
request_127,17281.55,affordable_later,wait,2024-10-15:23980,2024-10-15,none,Wait and pay ZAR 23980 on 2024-10-15; full-payment capacity is first forecast on 2024-10-15.
request_128,25168,affordable_now,full_payment,2025-02-07:25168,2025-02-07,none,Pay ZAR 25168 today; the plan keeps the retained minimum protected for 90 days.
request_129,106.95,not_affordable,not_recommended,none,,none,No eligible plan keeps the USD 800.00 minimum protected through the 90-day forecast.
request_130,690.54,affordable_later,wait,2025-02-15:1978.80,2025-02-15,none,Wait and pay USD 1978.80 on 2025-02-15; full-payment capacity is first forecast on 2025-02-15.
request_131,1376.55,affordable_with_plan,installments,2025-05-06:643.14|2025-06-03:643.14|2025-07-01:643.14,2025-06-23,none,Use the supplied 3-payment installment schedule; full-payment capacity is first forecast on 2025-06-23.
request_132,166.96,affordable_with_plan,full_payment,2026-01-05:379.86,,reduce_to:event_12142:26,Pay USD 379.86 today; the permitted spending changes keep the retained minimum protected.
request_133,15770000,affordable_later,not_recommended,none,2024-03-07,none,No eligible plan keeps the IDR 9986200 minimum protected through the 90-day forecast.
request_134,7210010.38,affordable_later,wait,2025-08-15:21831000,2025-08-15,none,Wait and pay IDR 21831000 on 2025-08-15; full-payment capacity is first forecast on 2025-08-15.
request_135,304.80,affordable_now,full_payment,2026-07-06:304.80,2026-07-06,none,Pay USD 304.80 today; the plan keeps the retained minimum protected for 90 days.
request_136,560.40,affordable_now,full_payment,2024-06-03:560.40,2024-06-03,none,Pay USD 560.40 today; the plan keeps the retained minimum protected for 90 days.
request_137,8127.94,not_affordable,not_recommended,none,,none,No eligible plan keeps the INR 71800 minimum protected through the 90-day forecast.
request_138,1117.90,affordable_with_plan,partial_payment,2026-04-07:1117.90|2026-04-15:139.04,2026-04-15,none,Pay EUR 1117.90 today and the remaining balance later; full-payment capacity is first forecast on 2026-04-15.
request_139,2014.67,affordable_with_plan,installments,2024-09-07:802.88|2024-10-08:802.88|2024-11-08:802.88,2024-09-15,none,Use the supplied 3-payment installment schedule; full-payment capacity is first forecast on 2024-09-15.
request_140,7350.20,not_affordable,not_recommended,none,,none,No eligible plan keeps the ZAR 21600 minimum protected through the 90-day forecast.
request_141,26662.02,not_affordable,not_recommended,none,,none,No eligible plan keeps the INR 67300 minimum protected through the 90-day forecast.
request_142,1263.60,affordable_now,full_payment,2024-12-05:1263.60,2024-12-05,none,Pay USD 1263.60 today; the plan keeps the retained minimum protected for 90 days.
request_143,4466.60,not_affordable,not_recommended,none,,none,No eligible plan keeps the ZAR 11300 minimum protected through the 90-day forecast.
request_144,233.34,affordable_now,full_payment,2026-07-04:233.34,2026-07-04,none,Pay USD 233.34 today; the plan keeps the retained minimum protected for 90 days.
request_145,61523.43,affordable_with_plan,installments,2024-03-20:75365.33|2024-04-20:75365.33|2024-05-21:75365.33,2024-05-15,none,Use the supplied 3-payment installment schedule; full-payment capacity is first forecast on 2024-05-15.
request_146,35157.89,not_affordable,not_recommended,none,,none,No eligible plan keeps the INR 108600 minimum protected through the 90-day forecast.
request_147,464.24,affordable_later,not_recommended,none,2026-06-15,none,No eligible plan keeps the EUR 900.00 minimum protected through the 90-day forecast.
request_148,9220.38,affordable_with_plan,installments,2024-06-14:7710.56|2024-07-15:7710.56|2024-08-15:7710.56,2024-08-15,none,Use the supplied 3-payment installment schedule; full-payment capacity is first forecast on 2024-08-15.
request_149,27578.85,affordable_with_plan,installments,2025-11-18:12706.03|2025-12-16:12706.03|2026-01-13:12706.03,2025-11-15,none,Use the supplied 3-payment installment schedule; full-payment capacity is first forecast on 2025-11-15.
request_150,224.31,not_affordable,not_recommended,none,,none,No eligible plan keeps the EUR 700.00 minimum protected through the 90-day forecast.
request_151,26999000,affordable_now,full_payment,2024-09-03:26999000,2024-09-03,none,Pay IDR 26999000 today; the plan keeps the retained minimum protected for 90 days.
request_152,13020.85,affordable_later,not_recommended,none,2025-04-15,none,No eligible plan keeps the ZAR 11900 minimum protected through the 90-day forecast.
request_153,260.57,not_affordable,not_recommended,none,,none,No eligible plan keeps the USD 1400.00 minimum protected through the 90-day forecast.
request_154,1625.80,affordable_with_plan,installments,2024-12-04:563.61|2025-01-04:563.61|2025-02-04:563.61,2024-12-04,none,Use the supplied 3-payment installment schedule; the plan keeps the retained minimum protected for 90 days.
request_155,112500,affordable_now,full_payment,2025-05-06:112500,2025-05-06,none,Pay INR 112500 today; the plan keeps the retained minimum protected for 90 days.
request_156,10775.31,affordable_later,wait,2026-06-15:43076,2026-06-15,none,Wait and pay ZAR 43076 on 2026-06-15; full-payment capacity is first forecast on 2026-06-15.
request_157,7651377.17,not_affordable,not_recommended,none,,none,No eligible plan keeps the IDR 15714100 minimum protected through the 90-day forecast.
request_158,242600,affordable_with_plan,installments,2025-08-07:84101.33|2025-09-04:84101.33|2025-10-02:84101.33,2025-08-07,none,Use the supplied 3-payment installment schedule; the plan keeps the retained minimum protected for 90 days.
request_159,13398,affordable_now,full_payment,2026-01-04:13398,2026-01-04,none,Pay ZAR 13398 today; the plan keeps the retained minimum protected for 90 days.
request_160,643.61,affordable_with_plan,installments,2024-06-13:432.05|2024-07-14:432.05|2024-08-14:432.05,2024-07-15,none,Use the supplied 3-payment installment schedule; full-payment capacity is first forecast on 2024-07-15.
request_161,0,not_affordable,not_recommended,none,,none,No eligible plan keeps the IDR 23010400 minimum protected through the 90-day forecast.
request_162,4404851.23,not_affordable,not_recommended,none,,none,No eligible plan keeps the IDR 24161100 minimum protected through the 90-day forecast.
request_163,15513824.26,affordable_later,not_recommended,none,2024-10-15,none,No eligible plan keeps the IDR 26728700 minimum protected through the 90-day forecast.
request_164,27018000,affordable_with_plan,installments,2025-02-11:9366240|2025-03-11:9366240|2025-04-08:9366240,2025-02-04,none,Use the supplied 3-payment installment schedule; the plan keeps the retained minimum protected for 90 days.
request_165,80600,affordable_now,full_payment,2026-04-06:80600,2026-04-06,none,Pay INR 80600 today; the plan keeps the retained minimum protected for 90 days.
request_166,2907.60,affordable_with_plan,installments,2024-12-03:1007.97|2025-01-03:1007.97|2025-02-03:1007.97,2024-12-03,none,Use the supplied 3-payment installment schedule; the plan keeps the retained minimum protected for 90 days.
request_167,43802,affordable_now,full_payment,2025-05-05:43802,2025-05-05,none,Pay ZAR 43802 today; the plan keeps the retained minimum protected for 90 days.
request_168,19400.12,affordable_with_plan,partial_payment,2026-01-07:19400.12|2026-03-15:29979.88,2026-03-15,none,Pay INR 19400.12 today and the remaining balance later; full-payment capacity is first forecast on 2026-03-15.
request_169,41976,affordable_now,full_payment,2024-03-04:41976,2024-03-04,none,Pay ZAR 41976 today; the plan keeps the retained minimum protected for 90 days.
request_170,36253398.40,affordable_later,not_recommended,none,2025-08-15,none,No eligible plan keeps the IDR 24715800 minimum protected through the 90-day forecast.
request_171,106.11,not_affordable,not_recommended,none,,none,No eligible plan keeps the EUR 500.00 minimum protected through the 90-day forecast.
request_172,10200,affordable_with_plan,installments,2024-06-05:5304|2024-07-03:5304,2024-06-05,none,Use the supplied 2-payment installment schedule; the plan keeps the retained minimum protected for 90 days.
request_173,59160.60,not_affordable,not_recommended,none,,none,No eligible plan keeps the INR 79100 minimum protected through the 90-day forecast.
request_174,1146.20,affordable_with_plan,installments,2026-04-04:397.35|2026-05-04:397.35|2026-06-03:397.35,2026-04-04,none,Use the supplied 3-payment installment schedule; the plan keeps the retained minimum protected for 90 days.
request_175,2346.30,affordable_now,full_payment,2024-09-06:2346.30,2024-09-06,none,Pay EUR 2346.30 today; the plan keeps the retained minimum protected for 90 days.
request_176,488.84,affordable_later,not_recommended,none,2025-04-15,none,No eligible plan keeps the EUR 600.00 minimum protected through the 90-day forecast.
request_177,1017.60,affordable_now,full_payment,2026-01-05:1017.60,2026-01-05,none,Pay USD 1017.60 today; the plan keeps the retained minimum protected for 90 days.
request_178,2938.10,affordable_with_plan,installments,2024-12-07:1018.54|2025-01-07:1018.54|2025-02-07:1018.54,2024-12-07,none,Use the supplied 3-payment installment schedule; the plan keeps the retained minimum protected for 90 days.
request_179,14385647.03,affordable_later,wait,2025-07-15:41648000,2025-07-15,none,Wait and pay IDR 41648000 on 2025-07-15; full-payment capacity is first forecast on 2025-07-15.
request_180,66500,affordable_now,full_payment,2026-07-06:66500,2026-07-06,none,Pay INR 66500 today; the plan keeps the retained minimum protected for 90 days.
request_181,722.21,not_affordable,not_recommended,none,,none,No eligible plan keeps the USD 2000.00 minimum protected through the 90-day forecast.
request_182,65714,affordable_now,full_payment,2025-08-05:65714,2025-08-05,none,Pay ZAR 65714 today; the plan keeps the retained minimum protected for 90 days.
request_183,22765539.50,not_affordable,not_recommended,none,,none,No eligible plan keeps the IDR 11878300 minimum protected through the 90-day forecast.
request_184,13878,not_affordable,not_recommended,none,,none,No eligible plan keeps the INR 110800 minimum protected through the 90-day forecast.
request_185,459.94,not_affordable,not_recommended,none,,none,No eligible plan keeps the EUR 1300.00 minimum protected through the 90-day forecast.
request_186,11855.84,not_affordable,not_recommended,none,,none,No eligible plan keeps the ZAR 22000 minimum protected through the 90-day forecast.
request_187,44971.01,affordable_later,wait,2024-11-15:187500,2024-11-15,none,Wait and pay INR 187500 on 2024-11-15; full-payment capacity is first forecast on 2024-11-15.
request_188,27.32,not_affordable,not_recommended,none,,none,No eligible plan keeps the EUR 900.00 minimum protected through the 90-day forecast.
request_189,488.40,affordable_now,full_payment,2026-07-04:488.40,2026-07-04,none,Pay EUR 488.40 today; the plan keeps the retained minimum protected for 90 days.
request_190,880.43,affordable_later,wait,2024-12-15:2557.50,2024-12-15,none,Wait and pay EUR 2557.50 on 2024-12-15; full-payment capacity is first forecast on 2024-12-15.
request_191,664.40,affordable_now,full_payment,2025-05-03:664.40,2025-05-03,none,Pay EUR 664.40 today; the plan keeps the retained minimum protected for 90 days.
request_192,258.79,not_affordable,not_recommended,none,,none,No eligible plan keeps the USD 1000.00 minimum protected through the 90-day forecast.
request_193,261.62,affordable_with_plan,installments,2024-03-21:420.23|2024-04-21:420.23|2024-05-22:420.23,2024-05-15,none,Use the supplied 3-payment installment schedule; full-payment capacity is first forecast on 2024-05-15.
request_194,41326.61,affordable_later,wait,2025-10-23:132800,2025-10-23,none,Wait and pay INR 132800 on 2025-10-23; full-payment capacity is first forecast on 2025-10-23.
request_195,909.89,affordable_later,not_recommended,none,2026-03-15,none,No eligible plan keeps the EUR 700.00 minimum protected through the 90-day forecast.
request_196,762.30,affordable_now,full_payment,2024-06-03:762.30,2024-06-03,none,Pay EUR 762.30 today; the plan keeps the retained minimum protected for 90 days.
request_197,0,not_affordable,not_recommended,none,,none,No eligible plan keeps the IDR 26245900 minimum protected through the 90-day forecast.
request_198,185800,affordable_now,full_payment,2026-07-07:185800,2026-07-07,none,Pay INR 185800 today; the plan keeps the retained minimum protected for 90 days.
request_199,23674000,affordable_with_plan,installments,2024-09-07:8206986.67|2024-10-08:8206986.67|2024-11-08:8206986.67,2024-09-04,none,Use the supplied 3-payment installment schedule; the plan keeps the retained minimum protected for 90 days.
request_200,21717000,affordable_now,full_payment,2025-02-06:21717000,2025-02-06,none,Pay IDR 21717000 today; the plan keeps the retained minimum protected for 90 days.
request_201,23997000,affordable_now,full_payment,2026-04-03:23997000,2026-04-03,none,Pay IDR 23997000 today; the plan keeps the retained minimum protected for 90 days.
request_202,123900,affordable_now,full_payment,2024-12-05:123900,2024-12-05,none,Pay INR 123900 today; the plan keeps the retained minimum protected for 90 days.
request_203,1442.10,affordable_with_plan,installments,2025-05-10:499.93|2025-06-07:499.93|2025-07-05:499.93,2025-05-07,none,Use the supplied 3-payment installment schedule; the plan keeps the retained minimum protected for 90 days.
request_204,588.74,affordable_now,full_payment,2026-01-04:588.74,2026-01-04,none,Pay EUR 588.74 today; the plan keeps the retained minimum protected for 90 days.
request_205,10621000,affordable_now,full_payment,2024-03-06:10621000,2024-03-06,none,Pay IDR 10621000 today; the plan keeps the retained minimum protected for 90 days.
request_206,1404.70,affordable_with_plan,installments,2025-08-03:486.96|2025-08-31:486.96|2025-09-28:486.96,2025-08-03,none,Use the supplied 3-payment installment schedule; the plan keeps the retained minimum protected for 90 days.
request_207,9190.41,affordable_later,wait,2026-07-15:11830,2026-07-15,none,Wait and pay ZAR 11830 on 2026-07-15; full-payment capacity is first forecast on 2026-07-15.
request_208,4158094.43,affordable_later,wait,2024-06-15:4413000,2024-06-15,none,Wait and pay IDR 4413000 on 2024-06-15; full-payment capacity is first forecast on 2024-06-15.
request_209,2388.42,not_affordable,not_recommended,none,,none,No eligible plan keeps the ZAR 18400 minimum protected through the 90-day forecast.
request_210,1274.52,affordable_with_plan,partial_payment,2026-04-06:1274.52|2026-04-15:85.50,2026-04-15,none,Pay USD 1274.52 today and the remaining balance later; full-payment capacity is first forecast on 2026-04-15.
request_211,1007.60,affordable_later,wait,2024-09-15:1788.60,2024-09-15,none,Wait and pay EUR 1788.60 on 2024-09-15; full-payment capacity is first forecast on 2024-09-15.
request_212,11627244.94,not_affordable,not_recommended,none,,none,No eligible plan keeps the IDR 29579800 minimum protected through the 90-day forecast.
request_213,3362.40,affordable_with_plan,installments,2026-01-21:1165.63|2026-02-20:1165.63|2026-03-22:1165.63,2026-01-07,none,Use the supplied 3-payment installment schedule; the plan keeps the retained minimum protected for 90 days.
request_214,69750,affordable_with_plan,installments,2024-12-04:36270|2025-01-01:36270,2024-12-04,none,Use the supplied 2-payment installment schedule; the plan keeps the retained minimum protected for 90 days.
request_215,29986,affordable_with_plan,installments,2025-05-09:10395.15|2025-06-06:10395.15|2025-07-04:10395.15,2025-05-06,none,Use the supplied 3-payment installment schedule; the plan keeps the retained minimum protected for 90 days.
request_216,705.78,affordable_later,wait,2026-09-15:3332.40,2026-09-15,none,Wait and pay USD 3332.40 on 2026-09-15; full-payment capacity is first forecast on 2026-09-15.
request_217,24424.45,affordable_with_plan,installments,2024-03-19:12889.07|2024-04-19:12889.07|2024-05-20:12889.07,2024-03-15,none,Use the supplied 3-payment installment schedule; full-payment capacity is first forecast on 2024-03-15.
request_218,29679884.69,affordable_with_plan,installments,2025-08-07:21195893.33|2025-09-04:21195893.33|2025-10-02:21195893.33,2025-08-15,none,Use the supplied 3-payment installment schedule; full-payment capacity is first forecast on 2025-08-15.
request_219,1365.45,affordable_with_plan,installments,2026-04-07:580.01|2026-05-07:580.01|2026-06-06:580.01,2026-04-15,none,Use the supplied 3-payment installment schedule; full-payment capacity is first forecast on 2026-04-15.
request_220,168.60,not_affordable,not_recommended,none,,none,No eligible plan keeps the EUR 1100.00 minimum protected through the 90-day forecast.
request_221,109800,affordable_now,full_payment,2025-11-03:109800,2025-11-03,none,Pay INR 109800 today; the plan keeps the retained minimum protected for 90 days.
request_222,26348.82,not_affordable,not_recommended,none,,none,No eligible plan keeps the ZAR 27300 minimum protected through the 90-day forecast.
request_223,898.70,affordable_now,full_payment,2024-09-07:898.70,2024-09-07,none,Pay EUR 898.70 today; the plan keeps the retained minimum protected for 90 days.
request_224,10327000,affordable_with_plan,installments,2025-02-04:5370040|2025-03-04:5370040,2025-02-04,none,Use the supplied 2-payment installment schedule; the plan keeps the retained minimum protected for 90 days.
request_225,14739409.60,affordable_with_plan,installments,2026-07-20:7647120|2026-08-19:7647120|2026-09-18:7647120,2026-09-15,none,Use the supplied 3-payment installment schedule; full-payment capacity is first forecast on 2026-09-15.
request_226,157000,affordable_now,full_payment,2024-12-03:157000,2024-12-03,none,Pay INR 157000 today; the plan keeps the retained minimum protected for 90 days.
request_227,13390.85,not_affordable,not_recommended,none,,none,No eligible plan keeps the INR 62900 minimum protected through the 90-day forecast.
request_228,7643700,not_affordable,not_recommended,none,,none,No eligible plan keeps the IDR 26191200 minimum protected through the 90-day forecast.
request_229,609.09,affordable_with_plan,installments,2024-03-18:529.29|2024-04-18:529.29|2024-05-19:529.29,2024-05-15,none,Use the supplied 3-payment installment schedule; full-payment capacity is first forecast on 2024-05-15.
request_230,3537.60,affordable_now,full_payment,2025-08-06:3537.60,2025-08-06,none,Pay EUR 3537.60 today; the plan keeps the retained minimum protected for 90 days.
request_231,35706,affordable_with_plan,installments,2026-01-06:12378.08|2026-02-05:12378.08|2026-03-07:12378.08,2026-01-03,none,Use the supplied 3-payment installment schedule; the plan keeps the retained minimum protected for 90 days.
request_232,585.74,not_affordable,not_recommended,none,,none,No eligible plan keeps the EUR 2400.00 minimum protected through the 90-day forecast.
request_233,0,not_affordable,not_recommended,none,,none,No eligible plan keeps the IDR 10365700 minimum protected through the 90-day forecast.
request_234,359.32,affordable_later,wait,2026-09-15:1213.30,2026-09-15,none,Wait and pay EUR 1213.30 on 2026-09-15; full-payment capacity is first forecast on 2026-09-15.
request_235,967.20,affordable_now,full_payment,2024-09-06:967.20,2024-09-06,none,Pay USD 967.20 today; the plan keeps the retained minimum protected for 90 days.
request_236,7394933.69,not_affordable,not_recommended,none,,none,No eligible plan keeps the IDR 16768600 minimum protected through the 90-day forecast.
request_237,23826000,affordable_now,full_payment,2026-04-05:23826000,2026-04-05,none,Pay IDR 23826000 today; the plan keeps the retained minimum protected for 90 days.
request_238,663.60,affordable_with_plan,installments,2024-12-07:230.05|2025-01-07:230.05|2025-02-07:230.05,2024-12-07,none,Use the supplied 3-payment installment schedule; the plan keeps the retained minimum protected for 90 days.
request_239,642.00,affordable_now,full_payment,2025-05-04:642.00,2025-05-04,none,Pay USD 642.00 today; the plan keeps the retained minimum protected for 90 days.
request_240,24850.70,not_affordable,not_recommended,none,,none,No eligible plan keeps the INR 52800 minimum protected through the 90-day forecast.
request_241,21052000,affordable_with_plan,installments,2024-03-17:7298026.67|2024-04-17:7298026.67|2024-05-18:7298026.67,2024-03-03,none,Use the supplied 3-payment installment schedule; the plan keeps the retained minimum protected for 90 days.
request_242,0.00,not_affordable,not_recommended,none,,none,No eligible plan keeps the EUR 600.00 minimum protected through the 90-day forecast.
request_243,17468,affordable_now,full_payment,2026-07-07:17468,2026-07-07,none,Pay ZAR 17468 today; the plan keeps the retained minimum protected for 90 days.
request_244,49918,affordable_now,full_payment,2024-06-04:49918,2024-06-04,none,Pay ZAR 49918 today; the plan keeps the retained minimum protected for 90 days.
request_245,42622.31,not_affordable,not_recommended,none,,none,No eligible plan keeps the INR 94600 minimum protected through the 90-day forecast.
request_246,64086,affordable_with_plan,installments,2026-04-03:22216.48|2026-05-03:22216.48|2026-06-02:22216.48,2026-04-03,none,Use the supplied 3-payment installment schedule; the plan keeps the retained minimum protected for 90 days.
request_247,1059.30,affordable_now,full_payment,2024-09-05:1059.30,2024-09-05,none,Pay EUR 1059.30 today; the plan keeps the retained minimum protected for 90 days.
request_248,1059.93,affordable_with_plan,partial_payment,2025-02-07:1059.93|2025-03-15:905.67,2025-03-15,none,Pay USD 1059.93 today and the remaining balance later; full-payment capacity is first forecast on 2025-03-15.
request_249,169.30,affordable_later,wait,2026-03-15:643.20,2026-03-15,none,Wait and pay USD 643.20 on 2026-03-15; full-payment capacity is first forecast on 2026-03-15.
request_250,17404.90,not_affordable,not_recommended,none,,none,No eligible plan keeps the ZAR 35300 minimum protected through the 90-day forecast.
request_251,1513.60,affordable_later,not_recommended,none,2025-05-03,none,No eligible plan keeps the EUR 1300.00 minimum protected through the 90-day forecast.
request_252,6656910.53,affordable_later,wait,2026-09-15:28082000,2026-09-15,none,Wait and pay IDR 28082000 on 2026-09-15; full-payment capacity is first forecast on 2026-09-15.
request_253,1717.57,affordable_later,not_recommended,none,2024-05-15,none,No eligible plan keeps the EUR 2300.00 minimum protected through the 90-day forecast.
request_254,839.15,affordable_later,wait,2025-10-15:3535.20,2025-10-15,none,Wait and pay USD 3535.20 on 2025-10-15; full-payment capacity is first forecast on 2025-10-15.
request_255,3345000,affordable_now,full_payment,2026-04-06:3345000,2026-04-06,none,Pay IDR 3345000 today; the plan keeps the retained minimum protected for 90 days.
request_256,180215.52,affordable_with_plan,installments,2024-06-10:75816|2024-07-11:75816|2024-08-11:75816,2024-07-15,none,Use the supplied 3-payment installment schedule; full-payment capacity is first forecast on 2024-07-15.
request_257,627.46,affordable_later,wait,2025-11-15:1352.40,2025-11-15,none,Wait and pay USD 1352.40 on 2025-11-15; full-payment capacity is first forecast on 2025-11-15.
request_258,1113.60,affordable_now,full_payment,2026-01-07:1113.60,2026-01-07,none,Pay USD 1113.60 today; the plan keeps the retained minimum protected for 90 days.
request_259,482.90,affordable_later,wait,2024-11-15:935.00,2024-11-15,none,Wait and pay EUR 935.00 on 2024-11-15; full-payment capacity is first forecast on 2024-11-15.
request_260,12646400,not_affordable,not_recommended,none,,none,No eligible plan keeps the IDR 20727700 minimum protected through the 90-day forecast.
request_261,1830.40,affordable_now,full_payment,2026-07-03:1830.40,2026-07-03,none,Pay EUR 1830.40 today; the plan keeps the retained minimum protected for 90 days.
request_262,9236000,affordable_now,full_payment,2024-12-05:9236000,2024-12-05,none,Pay IDR 9236000 today; the plan keeps the retained minimum protected for 90 days.
request_263,10641.74,not_affordable,not_recommended,none,,none,No eligible plan keeps the ZAR 24100 minimum protected through the 90-day forecast.
request_264,28725.28,not_affordable,not_recommended,none,,none,No eligible plan keeps the INR 59500 minimum protected through the 90-day forecast.
request_265,45970,affordable_now,full_payment,2024-03-06:45970,2024-03-06,none,Pay INR 45970 today; the plan keeps the retained minimum protected for 90 days.
request_266,935.00,affordable_with_plan,installments,2025-08-03:324.13|2025-08-31:324.13|2025-09-28:324.13,2025-08-03,none,Use the supplied 3-payment installment schedule; the plan keeps the retained minimum protected for 90 days.
request_267,1529.99,affordable_later,not_recommended,none,2026-03-15,none,No eligible plan keeps the EUR 1500.00 minimum protected through the 90-day forecast.
request_268,1134.52,affordable_with_plan,installments,2024-06-14:841.22|2024-07-15:841.22|2024-08-15:841.22,2024-08-15,none,Use the supplied 3-payment installment schedule; full-payment capacity is first forecast on 2024-08-15.
request_269,0,not_affordable,not_recommended,none,,none,No eligible plan keeps the ZAR 23100 minimum protected through the 90-day forecast.
request_270,226.30,affordable_later,not_recommended,none,2026-09-15,none,No eligible plan keeps the USD 1400.00 minimum protected through the 90-day forecast.
request_271,61021.54,affordable_later,wait,2024-11-15:91300,2024-11-15,none,Wait and pay INR 91300 on 2024-11-15; full-payment capacity is first forecast on 2024-11-15.
request_272,7507223.52,affordable_with_plan,installments,2025-02-12:4709466.67|2025-03-12:4709466.67|2025-04-09:4709466.67,2025-03-15,none,Use the supplied 3-payment installment schedule; full-payment capacity is first forecast on 2025-03-15.
request_273,9292375.74,affordable_with_plan,partial_payment,2026-04-07:9292375.74|2026-04-15:6568624.26,2026-04-15,none,Pay IDR 9292375.74 today and the remaining balance later; full-payment capacity is first forecast on 2026-04-15.
request_274,2703.04,affordable_with_plan,installments,2024-12-04:940.75|2025-01-04:940.75|2025-02-04:940.75,2024-12-15,none,Use the supplied 3-payment installment schedule; full-payment capacity is first forecast on 2024-12-15.
request_275,15884000,affordable_now,full_payment,2025-05-06:15884000,2025-05-06,none,Pay IDR 15884000 today; the plan keeps the retained minimum protected for 90 days.
